{
  "namespace": "hud",
  
  "hotbar_start_cap": {
    "type": "panel",
    "size": [ 1, 22 ],
	"offset": [ 0.5, 0 ],
    "controls": [
      { "start_cap_image@start_cap_image": {} }
    ]
  },
  
  "hotbar_end_cap@hotbar_start_cap": {
	"offset": [ -0.5, 0 ],
    "controls": [
      { "end_cap_image@end_cap_image": {} }
    ]
  },

  "empty_progress_bar": {
    "type": "image",
    "texture": "textures/gui/icons",
	"uv": [ 0, 128 ],
	"uv_size": [ 368, 10 ],
	"nineslice_size": [ 0.0, 0.0, 0.0, 0.0 ]
  },

  "full_progress_bar": {
    "type": "image",
    "texture": "textures/gui/icons",
	"uv": [ 0, 138 ],
	"uv_size": [ 368, 10 ],
	"nineslice_size": [ 0.0, 0.0, 0.0, 0.0 ],
    "clip_direction": "left",
    "clip_pixelperfect": false,
    "bindings": [
      {
        "binding_name": "#exp_progress",
        "binding_name_override": "#clip_ratio",
        "binding_type": "global"
      }
    ]
  },

  "progress_bar_nub": {
    "type": "image",
    "texture": "textures/gui/achievements/notnub",
	"uv": [ 0, 0 ],
	"uv_size": [ 11, 5 ],
	"tiled": true
  },
  
  "centered_gui_elements_at_bottom_middle": {
    "type": "panel",
    "anchor_from": "bottom_middle",
    "anchor_to": "bottom_middle",
    "size": [ 180, 50 ],
    "controls": [
      {
        "heart_rend@heart_renderer": {
          "offset": [ -2, -40 ],
          "anchor_from": "bottom_left",
          "anchor_to": "bottom_left"
        }
      },
      {
        "horse_heart_rend_0@horse_heart_renderer": {
          "offset": [ 179, -56 ],
          "anchor_from": "bottom_left",
          "anchor_to": "bottom_left",
          "bindings": [
            {
              "binding_name": "#is_creative_mode",
              "binding_name_override": "#visible"
            }
          ]
        }
      },
      {
        "horse_heart_rend_1@horse_heart_renderer": {
          "offset": [ 179, -50 ],
          "anchor_from": "bottom_left",
          "anchor_to": "bottom_left",
          "bindings": [
            {
              "binding_name": "#is_not_creative_mode",
              "binding_name_override": "#visible"
            }
          ]
        }
      },
      {
        "armor_rend@armor_renderer": {
          "offset": [ -2, -40 ],
          "anchor_from": "bottom_left",
          "anchor_to": "bottom_left"
        }
      },
      {
        "hunger_rend@hunger_renderer": {
          "offset": [ 179, -40 ],
          "anchor_from": "bottom_left",
          "anchor_to": "bottom_left"
        }
      },
      {
        "bubbles_rend_0@bubbles_renderer": {
          "offset": [ 179, -50 ],
          "anchor_from": "bottom_left",
          "anchor_to": "bottom_left",
          "bindings": [
            {
              "binding_name": "#is_not_riding",
              "binding_name_override": "#visible"
            }
          ]
        }
      },
      {
        "bubbles_rend_1@bubbles_renderer": {
          "offset": [ 179, -70 ],
          "anchor_from": "bottom_left",
          "anchor_to": "bottom_left",
          "bindings": [
            {
              "binding_name": "#is_riding",
              "binding_name_override": "#visible"
            }
          ]
        }
      },
      {
        "horse_jump_rend@horse_jump_renderer": {
          "anchor_from": "bottom_middle",
          "anchor_to": "bottom_middle",
          "offset": [ -1, -30 ],
          "layer": 7,
          "bindings": [
            {
              "binding_name": "#is_riding",
              "binding_name_override": "#visible"
            }
          ]
        }
      },
      { "exp_rend@exp_progress_bar_and_hotbar": {} }
    ],
    "bindings": [
      {
        "binding_name": "#hud_visible_centered",
        "binding_name_override": "#visible",
        "binding_type": "global"
      }
    ]
  }
}