{
  "namespace": "screenshot",

  //--------------------------------------------------------------------------------
  // Animations
  //--------------------------------------------------------------------------------

  "anim_screenshot_flash": {
    "anim_type": "alpha",
    "easing": "in_expo",
    "duration": 1.5,
    "from": 1.0,
    "to": 0
  },

  //--------------------------------------------------------------------------------
  // New Post Dialog Popup
  //--------------------------------------------------------------------------------
  
  "popup_dialog_bg_screenshot": {
    "type": "image",
    "texture": "textures/ui/White",
    "color": "$f_color_format"
  },

  "popup_dialog_new_screenshot_post@popup_dialog.popup_dialog": {
    "size": [ 200, 150 ],
    "controls": [
      { "popup_dialog_bg_screenshot@screenshot.popup_dialog_bg_screenshot": {} },
      { "new_screenshot_post_popup_dialog_header@screenshot.new_screenshot_post_popup_dialog_header": {} }
    ]
  },

  "new_screenshot_post_popup_dialog_header": {
    "type": "panel",
    "size": [ "100%", "100%" ],
    "anchor_from": "top_left",
    "anchor_to": "top_left",
    "controls": [
      { "new_screenshot_post_popup_dialog_header_text@screenshot.new_screenshot_post_popup_dialog_header_text": {} },
      {
        "progress_loading_bars@feed_common.progress_loading_bars": {
          "offset": [0, -25]
        }
      },
      {
        "close_button@common.close_button": {
          "anchor_from": "top_right",
          "anchor_to": "top_right",
          "ignored": "($game_pad)",
          "offset": [ -1, 1 ],
          "button_mappings": [
            {
              "from_button_id": "button.menu_select",
              "to_button_id": "button.screenshot_new_post_close",
              "mapping_type": "pressed"
            },
            {
              "from_button_id": "button.menu_ok",
              "to_button_id": "button.screenshot_new_post_close",
              "mapping_type": "focused"
            }
          ]
        }
      }
    ]
  },

  "new_screenshot_post_popup_dialog_header_text": {
    "type": "label",
    "text": "feed.upload",
    "font_size": "normal",
    "color": "$7_color_format",
    "anchor_from": "center",
    "anchor_to": "center",
    "offset": [ 0, 6 ]
  },

  //--------------------------------------------------------------------------------
  // Common Controls
  //--------------------------------------------------------------------------------

  "new_post_share_post": {
    "type": "panel",
    "anchor_from": "top_left",
    "anchor_to": "top_left",
    "controls": [
	{
	  "development_version": {
    "type": "label",
    "layer": 2,
	"color": "$7_color_format",
    "text": "Your screenshot has been saved in: games/com.mojang/Screenshots",
    "size": [ "default", 9 ],
    "max_size": [ "100%", "100%" ],
    "anchor_from": "center",
    "anchor_to": "center",
    "bindings": [
      {
		   "binding_name": "Your screenshot has been saved in: games/com.mojang/Screenshots"
	  	 }
		]
	}
  },
      { "white_banner@feed_common.white_banner": {} }
    ]
  },

  "new_post_dialog_header": {
    "type": "panel",
    "anchor_from": "top_left",
    "anchor_to": "top_left",
    "controls": [
      {
        "close_button@common.close_button": {
          "anchor_from": "top_right",
          "anchor_to": "top_right",
          "offset": [ -1, 1 ],
          "bindings": [
            {
              "binding_name": "(not #is_using_gamepad)",
              "binding_name_override": "#visible"
            }
          ]
        }
      }
    ]
  },

  "screenshot_flash_image": {
    "type": "image",
    "size": [ "120%", "120%" ],
    "layer": 6,
    "texture": "textures/gui/.faithful/.screenshot",
    "alpha": "@screenshot.anim_screenshot_flash"
  },


  "screenshot_image": {
    "type": "image",
    "anchor_from": "top_left",
    "anchor_to": "top_left",
    "bindings": [
      {
        "binding_name": "#screenshot_texture",
        "binding_name_override": "#texture"
      },
      {
        "binding_name": "#screenshot_texture_source",
        "binding_name_override": "#texture_file_system"
      }
    ]
  },

  "content_panel": {
    "type": "panel",
    "size": [ 360, 285 ],
    "controls": [      
      { "popup_dialog_bg@feed_common.popup_dialog_bg": {} },
      {
        "popup_content": {
          "type": "panel",
          "anchor_from": "top_left",
          "anchor_to": "top_left",
          "layer": 1,
          "size": ["100%", "100%"],
          "controls": [
            {
              "new_post_dialog_header@screenshot.new_post_dialog_header": {
                "size": [ "100%", "10%" ]
              }
            },
            {
              "new_post_share_post@screenshot.new_post_share_post": {
                "size": [ "100%", "15%" ],
                "offset": [ 0, "10%" ]
              }
            },
            {
              "screenshot_image@screenshot.screenshot_image": {
                "size": [ "100%", "75%" ],
                "offset": [ 0, "25%" ]
              }
            }
          ]
        }
      }
    ],
    "bindings": [
      {
        "binding_name": "#is_posting",
        "binding_name_override": "#visible"
      }
    ]
  },

  "screenshot_screen@common.base_screen": {
    "button_mappings": [
      {
        "from_button_id": "button.menu_cancel",
        "to_button_id": "button.menu_exit",
        "mapping_type": "global"
      },
      {
        "from_button_id": "button.menu_up",
        "to_button_id": "button.menu_up",
        "mapping_type": "global",
        "scope": "view"
      },
      {
        "from_button_id": "button.menu_down",
        "to_button_id": "button.menu_down",
        "mapping_type": "global",
        "scope": "view"
      },
      {
        "from_button_id": "button.menu_left",
        "to_button_id": "button.menu_left",
        "mapping_type": "global",
        "scope": "view"
      },
      {
        "from_button_id": "button.menu_right",
        "to_button_id": "button.menu_right",
        "mapping_type": "global",
        "scope": "view"
      }
    ],
    "$default_text_color": "$light_button_default_text_color",
    "$screen_content": "screenshot.screenshot_screen_content"
  },

  "screenshot_screen_content@common.common_panel": {
    "type": "panel",
    "controls": [
      {
        "transparent_background@feed_common.transparent_background": {}
      },
      { "screenshot_flash@screenshot.screenshot_flash_image": {} },
      {
        "gamepad_helpers@feed_common.gamepad_helpers": {}
      },
      {
        "content_panel@screenshot.content_panel": {}
      },
      {
        "popup_dialog_factory_new_screenshot_post": {
          "type": "factory",
          "control_ids": {
            "new_screenshot_post": "@screenshot.popup_dialog_new_screenshot_post"
          }
        }
      }
    ]
  }
}