{
  "namespace": "common",
  
  "highlight_slot": {
    "type": "image",
    "texture": "textures/ui/highlight_slot",
    "size": [ "100% - 1.5px", "100% - 1.5px" ],
    "alpha": 0.8
  },

  "highlight_slot_panel": {
    "type": "panel",
    "controls": [
      {
        "highlight@common.highlight_slot": {
          "controls": [
            {
              "hover_text@common.hover_text": {
                "layer": 29,
                "$hover_text_binding_name|default": "#hover_text",
				"profanity_filter_enabled": false,
                "bindings": [
                  {
                    "binding_name": "$hover_text_binding_name",
                    "binding_name_override": "#hover_text",
                    "binding_condition": "always_when_visible",
                    "binding_type": "collection",
                    "binding_collection_name": "$item_collection_name"
                  }
                ]
              }
            }
          ],
          "bindings": [
            {
              "binding_name": "(not #using_touch)",
              "binding_name_override": "#visible"
            }
          ]
        }
      }
    ]
  },
  
  "hover_text": {
    "type": "custom",
    "renderer": "hover_text_renderer",
    "layer": 50,
    "allow_clipping": false
  }
}